age,annual_income,purchase_frequency,average_basket_value,discount_usage_rate,online_purchase_share,recency_days,customer_segment
56,413291.42,65,1411.2,0.5,0.07,104,2
69,1084960.66,60,4193.85,0.73,0.11,109,2
46,2428255.52,7,172.0,0.96,0.84,19,0
32,2183941.75,67,1957.56,0.22,0.24,96,1
60,2070119.37,23,1752.99,0.89,0.19,27,0
25,756071.64,27,194.71,0.93,0.5,1,0
38,551585.83,33,709.41,0.92,0.77,107,2
56,1721311.57,34,2126.85,0.64,0.06,116,2
75,2334033.57,43,2515.04,0.63,0.58,33,3
36,1458392.8,29,2081.02,0.4,0.12,40,0
40,1493289.82,12,2701.59,0.75,0.04,32,0
28,807950.87,62,3016.15,0.53,0.05,69,1
28,1958308.39,20,148.63,0.68,0.83,17,0
41,589552.81,76,2374.07,0.43,0.12,8,1
70,910646.21,5,4821.15,0.73,0.05,57,2
53,1149775.63,9,2643.26,0.82,0.44,42,2
57,1342884.39,7,3419.96,0.15,0.84,98,3
41,719662.87,69,1628.13,0.83,0.26,9,0
20,419866.54,8,3892.56,0.54,0.42,120,1
39,1584957.1,100,3887.32,0.84,0.04,87,1
70,828281.8,68,2654.35,0.43,0.45,35,3
19,1515909.82,93,4882.47,0.38,0.58,114,1
41,512752.38,14,715.2,0.92,0.57,71,0
61,1280679.24,25,183.04,0.25,0.33,79,3
47,1401585.17,50,3873.78,0.84,0.32,53,2
55,271785.31,95,4055.06,0.48,0.11,54,1
19,941020.05,31,689.02,0.51,0.37,84,0
38,465874.49,70,1401.36,0.31,0.1,114,1
50,298931.18,45,186.01,0.57,0.77,25,0
29,2476406.55,17,1537.21,0.33,0.97,67,0
75,907531.54,13,3888.4,0.04,0.97,62,3
39,2053204.95,40,2638.01,0.27,0.87,55,3
61,748405.54,90,1805.67,0.01,0.6,46,3
42,1751531.4,94,1921.52,0.98,0.7,24,0
66,1936535.47,62,106.63,0.97,0.29,98,2
44,1549751.04,58,1569.02,0.4,0.63,46,0
59,1258204.04,16,3267.65,0.73,0.46,22,2
45,1117826.15,85,4873.55,0.35,0.48,11,1
33,969840.43,82,4250.6,0.67,0.76,48,1
32,2334393.49,18,215.62,0.81,0.28,8,0
64,2101955.61,38,4502.95,0.95,0.32,39,2
68,2417813.24,57,3937.67,0.4,0.92,107,3
61,442098.48,24,3923.84,0.78,0.06,35,2
72,1867538.57,79,2344.18,0.27,0.49,49,3
69,2355100.07,20,2050.23,0.99,0.91,46,2
74,575897.71,99,1584.29,0.03,0.61,38,3
20,306266.23,74,421.9,0.6,0.55,8,0
54,1891633.53,60,1218.35,0.66,0.25,54,0
68,1500011.82,87,1308.36,0.69,0.34,37,3
24,2128297.63,62,2471.98,0.12,0.85,91,1
38,478465.09,8,3762.48,0.94,0.56,92,2
26,2018878.18,8,2421.67,0.18,0.51,40,0
56,623824.2,24,383.44,0.62,0.1,34,0
35,534591.47,14,4793.17,0.22,0.02,96,1
21,536024.63,28,4719.35,0.31,0.96,79,1
42,2064250.59,30,3947.43,0.55,0.38,108,2
31,1713213.47,41,4957.51,0.42,0.6,17,1
67,1379203.75,89,2767.96,0.16,0.08,33,3
75,993251.64,58,4817.56,0.17,0.68,47,3
26,2211421.27,25,470.46,0.42,0.93,110,0
43,1072246.0,78,1891.84,0.76,0.58,52,0
70,2069008.68,42,1204.37,0.9,0.13,118,2
19,1181967.04,50,1059.58,0.08,0.58,80,1
37,1035819.41,8,789.93,0.39,0.77,93,0
45,1237297.5,64,3149.83,0.1,0.41,9,3
64,858238.0,61,3928.48,0.02,0.88,33,3
24,1906882.04,49,2933.66,0.66,0.65,60,0
61,1331392.92,24,820.12,0.6,0.9,113,2
25,695699.83,21,4074.51,0.16,0.62,93,1
64,2264000.25,75,3216.18,0.23,0.13,77,3
52,1052144.37,8,2002.01,0.02,0.31,21,3
31,1427349.22,97,3403.24,0.83,0.2,58,1
34,2280209.46,18,1373.53,0.97,0.91,85,0
53,1616959.29,7,1791.44,0.14,0.76,69,3
67,424710.4,92,4595.68,0.23,0.68,10,3
57,2358605.49,84,1523.47,0.87,0.3,6,0
21,1625113.92,62,2402.94,0.93,0.18,120,1
19,937028.19,59,4461.69,0.42,0.76,115,1
23,477289.37,8,3567.83,0.05,0.47,13,1
71,2015959.19,28,404.8,0.04,0.23,65,3
59,1607170.98,38,821.78,0.57,0.62,20,0
21,1403633.57,34,138.42,0.39,0.04,57,0
71,2250647.57,86,3191.52,0.03,0.33,111,3
46,2003203.45,23,2293.6,0.58,0.47,46,0
35,506435.97,35,757.95,0.01,0.15,8,3
43,882546.86,64,4793.88,0.79,0.98,10,2
61,733949.48,64,2695.33,0.31,0.21,73,3
51,1898273.79,23,1285.28,0.04,0.13,113,3
27,228801.22,53,2552.96,0.59,0.2,105,1
53,1489240.76,67,3430.14,0.4,0.77,67,3
31,1941777.91,87,473.57,0.97,0.43,11,0
48,2210399.25,26,1446.05,0.54,0.57,12,0
65,953892.11,28,4054.13,0.28,0.02,10,3
32,2079954.67,80,2352.36,0.71,0.03,25,0
25,409984.58,34,2778.23,0.27,0.45,49,1
31,2139162.89,62,2220.8,0.9,0.82,49,0
40,449598.36,35,315.11,0.37,0.89,89,0
74,1083625.13,68,912.17,0.55,0.09,11,3
57,2023644.11,23,2283.15,0.05,0.54,62,3
38,502305.95,52,1125.01,0.43,0.91,118,1
33,688740.78,49,344.9,0.83,0.39,36,0
62,1847293.54,98,4233.88,0.81,0.83,39,2
35,1842085.86,59,4907.84,0.22,0.13,53,1
64,1656696.94,59,3986.4,0.23,0.94,90,3
70,1780778.84,22,4283.55,0.82,0.75,78,2
41,1425402.44,67,1285.69,0.93,0.94,103,2
43,741727.79,96,4807.07,0.1,0.68,56,1
42,962385.58,51,1064.94,0.45,0.36,104,1
62,576754.63,79,4762.01,0.34,0.94,1,3
58,2284858.82,61,4974.61,0.87,0.28,56,2
46,1520970.72,49,3587.44,0.08,0.33,118,1
32,1092000.83,37,4907.6,0.21,0.7,4,1
62,1235713.64,21,2890.74,0.75,0.77,30,2
18,2376115.85,74,1371.75,0.05,0.93,12,0
42,510375.8,8,2241.28,0.49,0.2,120,2
24,1527640.11,24,3008.45,0.44,0.8,35,0
26,1338838.4,51,458.1,0.33,0.74,77,0
41,1586917.45,95,3149.48,0.39,0.06,52,1
18,192558.93,19,4907.77,0.53,0.39,31,1
61,2199491.19,74,1031.53,0.16,0.28,102,3
25,2340477.96,51,3983.72,0.57,0.3,107,1
41,1478062.98,82,4548.7,0.81,0.98,87,2
28,1787129.44,79,4724.14,0.76,0.64,68,1
68,2317873.55,13,4804.66,0.15,0.72,52,3
34,1812010.79,94,2655.15,0.15,0.98,80,1
25,508466.75,20,4888.81,0.27,0.38,7,1
52,1504277.65,73,3810.82,0.36,0.8,22,3
52,1575780.36,65,892.19,0.41,0.43,93,3
50,1146707.08,14,2436.81,0.68,0.87,75,2
22,1880643.95,54,3619.82,0.06,0.18,56,1
59,2345762.48,7,1311.97,0.03,0.95,97,3
56,2325086.01,81,3239.01,0.39,0.22,58,3
75,1209472.52,98,3366.34,0.7,0.33,93,2
58,416109.41,74,897.23,0.19,0.76,64,3
45,2464376.82,85,2868.92,0.64,0.39,103,1
24,2121410.5,55,3880.97,0.26,0.61,12,1
26,442957.3,23,2544.59,0.89,0.44,7,0
25,2313978.42,46,159.31,0.9,0.74,55,0
29,2194256.45,39,144.29,0.3,0.23,103,0
51,1369269.43,50,1849.44,0.23,0.06,106,1
50,1539497.27,30,4638.35,0.41,0.3,62,2
65,1087656.35,73,1220.52,0.24,0.47,112,3
72,278689.85,97,3208.38,0.67,0.17,90,2
40,937713.52,68,1188.17,0.83,0.35,104,2
41,2036705.6,41,1676.18,0.67,0.4,73,0
54,160885.25,88,4255.41,0.82,0.06,105,2
52,933723.05,53,3671.42,0.4,0.58,98,1
61,1085696.43,25,567.46,0.16,0.88,109,3
57,1412879.67,78,2200.64,0.74,0.15,77,2
39,2311660.7,68,242.93,0.36,0.6,55,0
44,963913.09,9,2456.36,0.67,0.66,119,2
52,965340.02,74,3345.93,0.27,0.42,36,3
18,1883127.93,94,680.66,0.08,0.7,89,1
52,1212712.16,8,1515.54,0.99,0.41,24,0
54,677821.33,43,2049.4,0.16,0.5,44,3
64,1213232.86,39,4605.7,0.99,0.01,17,2
31,481014.0,5,4966.95,0.98,0.69,2,2
20,564509.42,28,320.07,0.79,0.66,13,0
18,1321164.27,61,3828.94,0.66,0.04,31,1
22,1134474.81,74,1921.45,0.58,0.37,93,1
43,2299887.87,45,2023.05,0.87,0.98,114,2
72,1001625.66,58,3795.9,0.29,0.42,28,3
31,1514382.62,50,4600.29,0.47,0.5,60,1
56,1635821.08,64,4759.55,0.62,0.91,27,2
44,180771.97,64,2927.9,0.41,0.72,15,1
26,1709312.82,61,1849.89,0.43,0.58,95,1
32,568384.52,35,3958.99,0.33,0.8,104,1
32,2408515.25,88,1329.91,0.56,0.86,79,0
43,499357.41,28,2863.96,0.85,0.46,33,2
59,1124366.69,93,1857.03,0.2,0.48,20,3
30,350571.72,40,3317.49,0.93,0.39,42,2
68,2492654.49,89,1277.95,0.69,0.97,12,3
49,1330158.27,34,1038.81,0.82,0.7,101,2
56,1549154.79,28,4599.37,0.56,0.08,73,2
66,307629.72,34,598.84,0.78,0.86,23,2
69,1912407.11,90,2579.19,0.02,0.48,72,3
49,643278.14,96,1182.18,0.82,0.07,96,2
21,2260427.58,11,290.76,0.04,0.55,112,0
47,632078.16,39,276.49,0.89,0.42,14,0
54,598116.14,59,958.59,0.99,0.88,91,2
40,235891.72,96,4347.17,0.29,0.2,25,1
56,1259357.32,18,1484.15,0.21,0.83,77,3
62,1477376.66,14,4757.25,0.77,0.56,119,2
32,304415.3,84,2949.95,0.25,0.05,85,1
60,1972489.9,20,2239.41,0.87,0.97,109,2
46,1215228.76,58,2942.44,0.1,0.51,31,3
53,1382317.13,99,2631.82,0.13,0.29,101,1
30,1185792.46,93,3818.0,0.98,0.47,112,1
49,1091793.19,81,1484.23,0.67,0.86,107,2
24,1465154.78,74,1829.95,0.85,0.3,54,0
68,514814.58,48,4481.06,0.32,0.19,5,3
39,577531.11,77,4737.64,0.68,0.13,13,1
45,2175196.21,49,4473.54,0.59,0.3,28,2
19,2373371.34,60,2155.3,0.6,0.78,43,0
59,1027276.89,88,3923.79,0.68,0.47,89,2
62,786249.98,86,2434.05,0.58,0.23,115,2
74,1663398.93,61,2537.95,0.43,0.17,99,3
70,1110525.3,25,1102.93,0.28,0.33,47,3
23,209657.94,72,2996.54,0.77,0.94,103,1
45,516958.6,54,1012.07,0.23,0.34,71,1
45,1832534.74,37,1724.67,0.69,0.99,38,0
61,1698471.26,95,4289.65,0.23,0.49,96,1
61,213675.58,11,1114.67,0.63,0.18,67,2
37,671634.58,74,448.68,0.75,0.89,62,0
47,693025.77,19,438.14,0.22,0.46,109,3
28,1728947.95,86,4709.84,0.06,0.71,39,1
75,196319.76,36,2583.91,0.13,0.98,37,3
72,394655.17,79,2106.12,0.61,0.05,119,2
45,2029802.8,24,4073.31,0.85,0.1,114,2
42,569579.96,92,4195.55,0.04,0.72,86,1
56,1683953.35,19,1727.74,0.73,0.28,8,0
50,709729.54,52,3498.73,0.34,0.18,81,1
18,383687.27,75,3878.5,0.48,0.04,52,1
74,721454.65,25,3307.79,0.93,0.02,91,2
44,1847327.29,46,842.82,0.33,0.77,33,0
74,2160886.7,30,4391.83,0.47,0.13,110,2
69,2101016.68,18,2741.56,0.01,0.47,81,3
30,1083381.29,61,1484.11,0.08,0.61,42,1
58,1720000.07,41,2183.62,0.26,0.43,76,3
20,631713.09,62,284.1,0.03,0.03,112,1
56,838897.17,25,726.55,0.63,0.78,110,2
23,2256389.17,86,3851.18,0.43,0.01,27,1
25,180554.52,73,100.06,0.55,0.76,112,1
44,350945.05,7,2141.17,0.17,0.89,8,3
26,638532.7,91,2660.3,0.3,0.43,23,1
54,212350.68,94,367.71,0.66,0.54,106,2
50,576373.27,41,4868.08,0.97,0.48,113,2
68,1520147.67,92,1208.01,0.05,0.39,64,3
59,1140347.69,53,1590.57,0.89,0.89,93,2
61,2247778.52,23,1589.32,0.58,0.89,114,2
41,2070992.37,93,1229.04,0.56,0.34,20,0
32,953270.78,89,107.22,0.5,0.62,16,0
71,759645.07,16,3673.79,0.07,0.93,17,3
49,1042277.16,65,4837.54,0.09,0.96,80,1
49,1537193.11,45,1199.04,0.6,0.51,19,0
41,779949.56,37,3348.93,0.34,0.45,120,1
58,1616749.93,54,3735.29,0.92,0.28,120,2
69,1112117.38,72,4257.28,0.41,0.96,8,3
66,1447310.88,75,2170.88,0.14,0.14,38,3
66,1174897.34,90,1584.36,0.71,0.58,38,2
75,841994.53,37,1693.95,0.29,0.28,53,3
69,2378865.27,85,3591.84,0.53,0.28,93,2
29,1944473.62,28,4102.22,0.7,0.4,105,1
56,479265.96,65,989.91,0.9,1.0,100,2
19,2190899.74,65,1917.61,0.79,0.05,90,0
20,1295463.32,32,4519.51,0.68,0.58,31,1
66,2252197.73,62,4052.8,0.68,0.08,44,2
54,2029659.85,47,4925.81,0.95,0.15,60,2
66,1149251.74,45,3795.82,0.3,0.44,76,3
73,202802.87,43,2026.66,0.0,0.51,119,3
34,781391.79,90,2994.13,0.27,0.26,17,1
66,1422840.4,53,3338.97,0.22,0.32,79,3
19,1638673.82,21,484.43,0.66,0.09,73,0
19,756036.06,74,2768.04,0.63,0.3,39,1
45,477486.77,74,3575.67,0.59,0.97,42,1
71,2112086.06,69,919.87,0.02,0.94,48,3
40,2463345.12,78,3925.1,0.73,0.33,12,0
54,1385371.93,89,2960.49,0.32,0.57,96,1
49,553446.32,9,4765.89,0.67,0.91,89,2
50,789922.22,6,307.87,0.56,0.01,103,0
18,193218.09,26,1400.1,0.34,0.81,18,0
36,2298602.2,61,3047.61,0.13,0.95,79,1
19,426715.04,70,1553.14,0.09,0.09,96,1
70,1504813.72,78,3600.68,0.83,0.16,6,2
61,794029.77,20,3819.13,0.92,0.96,108,2
43,1452318.31,55,602.33,0.65,0.54,43,0
49,1680837.91,43,2617.89,0.1,0.01,116,1
23,2099893.24,90,2593.56,0.4,0.26,35,1
49,635089.99,80,1909.48,0.73,0.45,98,2
72,175840.2,92,4671.33,0.78,0.69,102,2
21,471681.23,44,4154.78,0.12,0.73,120,1
72,2265043.81,42,3516.33,0.0,1.0,54,3
28,2203641.68,64,3600.2,0.71,0.29,62,1
73,1553920.79,63,2362.41,0.36,0.54,69,3
34,1561214.62,14,4612.87,0.25,0.53,82,1
55,1712836.19,68,3503.52,0.01,0.41,16,3
41,562122.5,67,3672.01,0.54,0.17,8,1
22,2298868.07,53,4322.29,0.85,0.98,89,1
69,1134110.73,68,1442.95,0.96,0.85,96,2
51,1050375.54,36,4054.65,0.57,0.5,90,2
23,1369456.61,11,1056.68,0.51,0.6,116,0
39,260370.02,25,1792.18,0.09,0.23,86,1
28,540765.92,24,1744.49,0.55,0.54,31,0
65,1884379.0,30,4894.77,0.38,0.69,107,2
33,344576.87,72,4297.03,0.61,0.52,10,1
50,1567407.46,90,3535.73,0.39,0.99,56,1
26,726570.41,19,3662.58,0.24,0.61,76,1
23,1064844.69,89,2854.16,0.09,0.37,117,1
33,828430.28,83,4740.74,0.31,0.77,92,1
46,985830.88,90,2531.67,0.1,0.17,70,1
20,1839757.88,96,1964.54,0.18,0.38,20,1
37,848236.03,18,898.87,0.99,0.35,5,0
53,1481050.9,31,3952.41,0.44,0.43,23,3
36,1268718.45,44,3698.78,0.53,0.78,9,0
43,1709627.24,62,1983.34,0.87,0.48,58,0
20,2351549.89,32,223.45,1.0,0.79,59,0
36,1871544.43,30,4211.09,0.58,0.58,93,1
37,655109.89,67,155.95,0.81,0.34,80,0
49,223280.37,70,3548.13,0.33,0.81,54,1
24,766320.5,29,4854.26,0.31,0.24,46,1
69,1548433.14,7,2244.54,0.4,0.22,22,3
58,270850.66,76,1251.37,0.67,0.5,64,2
50,1316460.68,48,3553.87,0.68,0.26,8,2
57,1552580.69,46,4103.93,0.32,0.01,20,3
56,935473.14,10,2777.51,0.13,0.65,51,3
35,1961643.68,43,4838.47,0.63,0.51,78,1
57,400505.89,56,353.18,0.13,0.45,39,3
18,326573.79,27,2573.5,0.58,0.97,37,0
28,1861243.58,93,3620.42,0.69,0.57,50,1
45,1314404.59,54,4326.94,0.7,0.86,34,2
74,1767745.63,47,978.35,0.75,0.14,75,2
42,1171844.25,23,4020.02,0.87,0.57,118,2
67,729044.78,73,2808.26,0.5,0.87,104,2
40,2074890.45,55,2043.11,0.73,0.58,33,0
48,2028627.32,15,745.4,0.62,0.72,31,0
47,1782536.71,16,4339.95,0.19,0.37,54,3
59,789541.07,78,870.64,0.03,0.09,44,3
52,1537042.07,12,1617.96,0.28,0.46,34,3
24,998288.66,28,1521.22,0.44,0.39,114,1
33,365217.87,96,4369.93,0.62,0.87,71,1
43,2305686.9,45,3396.24,0.85,0.24,113,2
65,471523.78,40,4003.74,0.2,0.97,118,3
74,2383057.78,89,1327.29,0.13,0.96,62,3
69,1198113.57,76,3161.88,0.96,0.25,23,2
66,585062.38,59,2901.56,0.11,0.35,46,3
19,1423467.23,13,4180.87,0.48,0.9,56,1
18,2201422.71,51,4539.83,0.59,0.97,7,0
65,1870728.48,19,159.57,0.54,0.44,118,2
29,2045418.7,52,3402.7,0.09,0.32,89,1
22,1698140.91,86,354.0,0.06,0.53,61,1
54,1776849.93,46,2789.41,0.11,0.69,3,3
49,2145609.78,64,1509.4,0.59,0.27,38,0
72,736719.82,88,1603.21,0.54,0.74,84,2
26,1300148.66,74,1829.5,0.23,0.05,34,1
58,669842.19,16,3144.33,0.64,0.05,113,2
52,2471019.82,6,1736.84,0.82,0.39,44,0
36,2368539.45,11,3690.23,0.04,0.35,108,1
65,242653.01,84,2082.18,0.5,0.32,30,3
33,1808101.66,7,434.93,0.69,0.49,17,0
20,2324333.55,7,3940.42,0.25,0.32,59,1
37,574352.06,31,1500.22,0.31,0.19,10,0
41,1484671.29,44,2220.56,0.61,0.31,99,2
71,2301397.5,37,3458.68,0.9,0.97,84,2
73,229773.05,96,1729.04,0.81,0.41,18,2
50,1788937.63,5,377.27,0.58,0.44,45,0
41,848770.17,12,1932.21,0.73,0.58,108,2
69,2322331.06,36,4727.8,0.36,0.98,91,3
28,2431986.88,52,3244.5,0.64,0.24,59,0
66,2369026.25,8,3390.25,0.47,0.68,62,3
25,1264403.41,98,3198.18,0.19,0.72,59,1
53,2175800.23,74,1075.06,0.7,0.61,49,0
55,2134691.09,23,2149.84,0.56,0.09,100,2
57,899886.11,36,3779.61,0.36,0.68,63,3
37,2097951.36,13,596.73,0.91,0.06,87,0
52,236967.94,16,1461.48,0.02,0.6,32,3
65,1551234.21,15,1453.96,0.32,0.74,10,3
42,690520.77,50,2216.89,0.06,0.21,11,3
52,433332.18,20,4903.81,0.77,0.84,102,2
42,330840.02,5,430.76,0.7,0.03,70,0
46,1786278.62,67,2641.63,0.33,0.84,105,1
35,948706.16,25,978.89,0.68,0.46,62,0
63,1853201.91,34,4856.32,0.4,0.22,47,3
35,303587.4,17,655.19,0.76,0.13,34,0
19,890932.29,38,2077.64,0.45,0.95,100,1
71,1417804.54,8,3715.64,0.41,0.07,101,2
52,2008199.44,32,3552.32,0.93,0.2,17,2
33,899068.38,99,2171.37,0.25,0.35,104,1
58,1620844.73,63,1797.97,0.12,0.62,104,3
53,2232047.71,31,2048.3,0.58,0.54,54,0
50,1597278.49,73,1394.95,0.97,0.13,76,2
21,697454.77,29,1106.13,0.38,0.29,85,0
50,207341.84,7,2466.89,0.06,0.24,40,3
31,2194732.35,72,1415.82,0.34,0.21,19,0
38,199983.12,29,1508.56,0.51,0.41,67,0
65,2205548.93,24,3318.1,0.16,0.7,82,3
37,1393002.26,38,4845.83,0.66,0.22,53,2
73,2356809.09,30,3057.82,1.0,0.37,115,2
25,2027140.6,9,477.2,0.45,0.39,64,0
24,2495145.16,65,470.36,0.35,0.98,83,0
20,974172.77,96,4761.97,0.4,0.95,47,1
34,1952892.48,97,1556.72,0.12,0.8,6,3
50,1094537.65,13,551.13,0.88,0.24,16,0
65,1277707.71,54,3035.32,0.41,0.07,72,3
29,1624637.84,10,3155.88,0.39,0.32,112,1
68,2203141.22,87,3277.67,0.66,0.27,18,3
39,2462596.15,64,1410.27,0.44,0.51,52,0
72,1955442.52,48,174.04,0.65,0.78,48,3
39,1131751.94,15,4828.58,0.06,0.86,43,1
63,1140188.96,70,1329.38,0.81,0.84,39,2
47,1883318.41,51,3412.53,0.94,0.36,49,2
55,711126.29,77,3562.49,0.65,0.69,113,2
55,409614.17,89,3089.04,0.95,0.31,12,2
62,983362.07,92,1633.25,0.15,0.06,109,3
68,825011.63,90,1428.37,0.48,0.7,10,3
71,846324.08,7,3028.57,0.6,0.01,71,2
25,698978.21,80,4343.87,0.58,0.41,110,1
44,248919.0,96,4739.0,0.4,0.33,55,1
44,192003.75,34,618.94,0.34,0.69,1,0
51,2471147.62,94,858.66,0.13,0.77,49,3
38,1155266.86,25,4729.21,0.39,0.3,36,1
47,1053167.62,32,3709.02,0.16,0.81,21,3
50,1747171.11,94,4426.67,0.73,0.29,37,2
45,662896.64,66,1092.9,0.21,0.45,116,1
64,2382408.78,37,2979.17,0.06,0.73,24,3
50,1997910.78,89,3535.58,0.55,0.69,55,1
22,360115.86,39,3432.55,0.6,0.99,25,1
65,1131314.82,56,2099.94,0.87,0.23,7,2
36,2215928.02,38,175.43,0.58,0.66,106,0
21,2370120.25,45,2956.34,0.35,0.61,81,1
52,1248393.55,55,1340.2,0.8,0.92,93,2
66,1591516.76,51,2306.25,0.54,0.16,94,2
34,542529.77,86,4792.15,0.08,0.75,71,1
61,2479246.27,62,2055.27,0.57,0.57,97,2
45,694428.5,79,4215.03,0.91,0.27,71,2
47,2365419.67,61,1023.85,0.4,0.47,24,0
46,1676669.63,27,3395.06,0.3,0.33,11,3
63,1578181.47,52,4887.33,0.14,0.58,73,3
70,1354818.0,26,599.28,0.15,0.89,12,3
23,692074.06,21,140.77,0.43,0.57,35,0
52,564840.88,73,2224.56,0.6,0.63,63,2
58,668142.59,15,553.86,0.08,0.52,68,3
54,588129.92,98,3767.08,0.94,0.05,100,2
41,1982023.51,19,4581.29,0.76,0.23,92,2
46,972794.36,95,2226.7,0.59,0.49,57,1
66,285930.29,39,1367.69,0.83,0.31,13,2
63,2427391.18,37,2228.58,0.08,0.18,23,3
70,2226896.83,88,3644.89,0.48,0.5,83,3
48,2330217.87,20,144.37,0.63,0.32,106,0
52,2488033.38,38,2988.32,0.83,0.26,101,2
50,558653.84,70,3105.13,0.78,0.46,39,2
69,1081168.74,44,3224.67,0.28,0.13,88,3
38,1931860.42,32,1285.91,0.94,0.93,80,0
49,1785648.45,51,3598.86,0.12,0.87,97,1
40,511655.38,43,547.82,0.88,0.71,12,0
50,2067207.84,74,1076.42,0.97,0.11,34,0
20,677435.34,77,4399.6,0.18,0.78,71,1
35,675971.39,24,3719.74,0.72,0.81,75,2
42,1411889.89,5,167.35,0.04,0.77,31,0
59,1543408.85,76,1317.04,0.41,0.11,93,3
48,1513202.59,91,1150.59,0.52,0.64,62,0
71,364994.07,67,1426.95,0.58,0.83,13,3
75,2212033.03,71,1313.04,0.94,0.58,31,2
20,774160.1,8,406.38,0.67,0.65,2,0
57,454360.07,62,2348.81,0.48,0.46,103,2
63,2238557.99,29,3690.39,0.81,0.53,15,2
41,2395781.02,51,3072.99,0.95,0.03,57,2
67,2175999.9,42,3397.07,0.02,0.64,75,3
49,2052362.78,19,497.63,0.98,0.08,34,0
64,1689818.65,67,4762.3,0.09,0.44,103,3
39,1444514.82,25,4208.61,0.81,0.29,68,2
40,354418.89,61,4044.94,0.28,0.55,75,1
19,1109865.05,57,4132.62,0.13,0.13,29,1
44,1025818.01,50,4670.28,0.44,0.69,66,1
59,760421.39,18,2766.84,0.64,0.8,16,2
19,1850037.27,80,1081.38,0.38,0.16,39,0
43,1315307.98,21,3122.24,0.05,0.1,77,1
34,340458.61,43,3740.12,0.6,0.15,37,1
57,667430.52,13,3715.8,0.9,0.88,81,2
50,1755658.09,81,2655.1,0.38,0.53,21,3
26,328907.52,83,435.45,0.22,0.47,44,1
60,2150336.25,86,1918.45,0.44,0.11,19,3
71,1313594.34,10,4611.76,0.05,0.65,71,3
65,1279378.46,95,2963.8,0.82,0.87,102,2
56,1542158.29,27,2737.83,0.83,0.83,8,0
46,2088000.27,63,1417.38,0.59,0.63,77,0
59,967351.64,95,1905.4,0.35,0.08,101,1
72,1743337.96,50,4487.2,0.8,0.11,66,2
43,1479470.12,42,3365.67,0.55,0.05,41,2
52,777516.43,18,3958.2,0.83,0.26,75,2
67,2214780.47,76,2326.29,0.63,0.14,88,2
42,2023951.15,66,3188.21,0.78,0.26,70,2
41,1697361.81,39,1317.08,0.6,0.39,61,0
30,2148867.06,23,3556.76,0.41,0.94,26,0
75,2188141.37,34,2195.25,0.96,0.61,71,2
24,1814653.0,82,2268.47,0.54,0.83,103,1
74,2116981.32,88,3281.68,0.61,0.71,83,2
53,1789057.93,29,4687.78,0.22,0.11,70,3
62,1748330.81,44,413.63,0.63,0.74,107,2
37,1603736.74,92,4141.24,0.57,0.28,29,1
18,1918884.1,18,1532.68,0.18,0.64,107,0
25,522722.0,30,2275.21,0.06,0.34,103,1
63,2220046.28,91,207.38,0.6,1.0,66,3
33,2198832.29,26,1575.13,0.76,0.26,19,0
31,218731.12,52,2562.89,0.52,0.28,68,1
29,2090669.36,87,375.26,0.23,0.93,58,0
68,452844.19,55,2506.37,0.67,0.02,70,2
40,937529.31,7,4642.84,0.08,0.7,113,1
32,1897244.4,46,616.43,0.44,0.73,57,0
45,527785.76,23,3845.76,0.16,0.84,37,3
51,2072222.51,77,2107.39,0.18,0.97,61,3
19,2105515.32,32,3310.35,0.2,0.98,92,1
49,1342549.17,88,1375.16,0.39,0.07,30,3
40,165006.8,49,881.51,0.05,0.82,71,1
39,824539.61,75,886.27,0.4,0.65,73,1
68,1599778.26,82,445.41,0.51,0.65,25,3
42,2455787.52,67,1009.67,0.48,0.13,97,0
75,1634761.79,77,3354.67,0.38,0.65,65,3
39,760538.42,23,4420.28,0.84,0.98,115,2
75,1639913.4,51,4089.22,0.15,0.91,6,3
75,1418965.64,18,3457.16,0.51,0.44,18,3
39,1982636.68,42,641.12,0.06,0.04,10,0
66,401404.5,57,1517.02,0.07,0.36,92,3
69,1938415.57,65,1618.05,0.57,0.83,11,3
59,1421976.46,40,1324.79,0.57,0.7,97,2
23,2413031.21,44,2623.53,0.88,0.46,65,0
32,953399.59,85,2724.21,0.56,0.06,77,1
71,1636661.45,34,1848.74,0.96,0.43,101,2
60,2340266.05,13,1833.57,0.05,0.47,84,3
54,390897.86,68,4159.92,0.1,0.93,65,1
50,2352486.95,37,3967.53,0.04,0.64,52,3
25,1766531.45,56,1608.2,0.19,0.31,67,1
70,309417.09,93,4577.56,0.54,0.53,82,2
61,857264.38,18,4768.79,0.65,0.07,105,2
61,1814204.41,79,1701.04,0.05,0.97,78,3
22,308273.91,57,1836.68,0.95,0.36,31,0
56,1518100.58,63,2577.61,0.84,0.48,91,2
21,962825.18,82,4711.49,0.3,0.36,17,1
23,1609151.47,98,4393.97,0.08,0.68,55,1
62,257493.78,45,602.58,0.17,0.66,110,3
49,2198111.49,72,2024.38,0.13,0.72,93,3
69,2437699.08,72,2811.52,0.12,0.27,36,3
47,2426862.96,96,2565.35,0.52,0.32,101,1
64,1911681.8,12,1049.93,0.25,0.13,26,3
52,455702.66,6,4308.2,0.36,0.66,53,2
72,1931918.51,90,3417.01,0.99,0.04,17,2
57,207779.25,45,4205.75,0.68,0.6,86,2
69,201990.35,59,4307.94,0.95,0.87,25,2
33,910484.02,20,3766.94,0.14,0.89,2,3
30,1298311.5,97,2252.13,0.38,0.45,119,1
67,1960457.43,66,3091.68,0.55,0.46,86,2
59,1755744.14,52,885.79,0.08,0.08,5,3
47,1197871.36,34,3400.86,0.0,0.67,4,3
36,793022.67,16,978.34,0.67,0.82,36,0
34,2493242.58,39,3500.35,0.64,0.24,6,0
73,1151526.06,15,1225.03,0.41,0.42,116,3
36,1210759.51,68,676.0,0.49,0.84,21,0
45,534515.98,54,909.89,0.42,0.88,77,0
75,2017802.44,89,109.76,0.02,0.24,118,3
72,1780153.23,25,3621.82,0.34,0.55,101,3
43,668808.59,73,3688.77,0.18,0.19,119,1
54,343595.46,52,2623.17,0.1,0.1,89,1
43,1749173.36,24,890.68,0.96,0.91,26,0
70,1688101.35,71,509.42,0.6,0.82,55,3
40,792159.89,48,193.73,0.73,0.76,39,0
26,2384529.37,37,912.17,0.32,0.05,84,0
29,504986.05,77,4465.19,0.39,0.84,33,1
70,1165986.78,65,1283.53,0.24,0.44,14,3
18,2367497.41,13,1835.93,0.1,0.34,56,0
75,1136359.19,72,616.19,0.18,0.55,100,3
75,1650535.98,39,1189.57,0.8,0.09,81,2
18,1084346.84,85,2644.2,0.68,0.76,21,0
64,794405.73,92,3077.99,0.55,0.58,46,2
51,2462347.47,100,1302.23,0.48,0.19,16,0
49,1111934.91,69,382.89,0.92,0.19,110,2
71,2251133.13,12,2016.06,0.07,0.18,16,3
65,690393.32,49,1247.6,0.28,0.06,120,3
42,650796.05,91,1175.81,0.35,0.59,84,1
57,223165.09,51,4803.33,0.78,0.84,29,2
62,1681417.04,44,3119.87,0.99,0.02,92,2
70,1016036.91,80,2828.7,0.24,0.05,8,3
18,2181241.89,58,2137.3,0.87,0.57,88,0
33,1262043.28,80,2201.83,0.83,0.82,3,0
56,2425254.56,50,2750.43,0.22,0.33,89,3
22,585984.96,51,3512.51,0.4,0.35,19,1
39,2191264.44,19,3540.52,0.41,0.6,97,1
46,1975002.6,23,941.3,0.98,0.27,66,0
72,1961666.33,30,2550.55,0.18,0.03,79,3
20,2135240.59,56,2118.59,0.8,0.74,86,0
29,1938406.38,97,4365.58,0.33,0.63,74,1
43,1621617.76,26,3193.95,0.73,0.58,82,2
33,458425.46,25,2709.27,0.42,0.74,22,0
68,226436.52,55,665.43,0.58,0.68,46,3
54,2313992.44,42,3067.63,0.83,0.21,113,2
39,1599128.24,24,674.3,0.8,0.35,91,0
74,2021862.63,33,1752.31,0.87,0.13,13,2
46,1281577.53,55,799.93,0.06,0.13,33,3
31,425674.24,8,3491.16,0.69,0.68,5,0
45,444186.61,59,1110.64,0.14,0.86,90,1
22,1761078.42,75,2020.11,0.42,0.96,77,1
64,1161218.85,96,4488.81,0.55,0.63,27,2
66,621233.11,32,1101.15,0.4,0.18,78,3
47,1305247.18,8,2588.24,0.52,0.11,24,0
63,300891.0,26,2154.43,1.0,0.81,67,2
69,1517632.79,80,188.81,0.14,0.58,111,3
22,782134.5,49,3984.51,0.68,0.62,115,1
29,2024263.89,71,438.32,0.4,0.78,63,0
33,879350.6,90,2423.85,0.13,0.7,113,1
43,1219767.35,70,2847.32,0.16,0.83,94,1
43,177308.27,92,3179.29,0.95,0.06,99,2
65,320250.19,38,3474.29,0.88,0.75,48,2
38,1072359.86,95,1341.03,0.91,0.85,63,0
56,1277856.26,59,148.9,0.99,0.29,78,2
53,1560048.29,5,3644.87,0.21,0.64,12,3
50,835407.06,76,2724.72,0.36,0.31,28,3
47,1783207.43,91,4196.98,0.67,0.96,44,1
54,2171287.63,42,4124.8,0.48,0.03,93,2
40,1982649.82,10,4232.3,0.42,0.58,43,0
75,243104.24,90,2476.96,0.36,0.17,17,3
27,1279191.33,29,1734.78,0.59,0.71,40,0
71,396585.92,86,3978.64,0.58,0.18,49,2
22,718805.79,21,2311.34,0.16,0.24,85,1
53,2468657.09,65,998.87,0.47,0.49,57,0
51,484864.53,16,4289.37,0.55,0.91,87,2
69,1322387.16,10,4424.54,0.57,0.21,84,2
48,1602665.98,94,2384.92,0.21,0.14,64,1
27,1800792.68,31,470.93,0.74,0.76,75,0
75,1465174.41,12,2000.35,0.03,0.5,57,3
36,172961.49,87,4037.33,0.35,0.91,98,1
75,917184.07,69,4518.69,0.78,0.15,74,2
49,1366622.36,61,1097.02,0.56,0.65,74,0
18,356486.27,97,428.17,0.26,0.23,107,1
73,973973.29,44,4399.02,0.69,0.16,70,2
22,228027.31,18,2008.08,0.57,0.68,100,1
62,334659.47,39,2754.63,0.8,0.59,88,2
21,1082769.7,52,4843.52,0.74,0.75,76,1
33,461882.02,88,426.17,0.61,0.31,43,0
41,1483720.99,60,3276.76,0.49,0.45,119,1
33,1770242.68,53,463.12,0.13,0.41,23,0
72,2031378.74,17,1939.8,0.26,0.98,27,3
19,620353.07,65,4038.69,0.42,0.29,58,1
66,543584.07,53,2224.01,0.6,0.29,109,2
45,395734.42,50,4986.19,0.51,0.35,37,1
49,1645611.09,66,2839.39,0.29,0.56,6,3
44,1810217.96,12,1673.69,0.01,0.25,65,3
37,224227.44,47,1178.55,0.5,0.92,6,0
41,2350098.78,24,1817.55,0.29,0.27,50,0
29,272132.52,94,1925.41,0.73,0.9,22,0
67,1422046.39,43,436.7,0.02,0.1,105,3
52,1816292.22,89,1910.91,0.58,0.66,88,2
50,2196777.44,53,2374.77,0.94,0.91,25,0
50,1828104.29,68,3641.41,0.17,0.17,79,1
68,2034061.0,66,3317.97,0.47,0.97,90,3
60,947707.95,58,3572.95,0.09,0.45,72,3
54,2064839.02,13,140.98,0.63,0.95,51,0
29,338269.89,92,1166.57,0.55,0.68,88,1
20,2252819.14,41,3342.25,0.41,0.3,48,0
18,1436842.08,53,2471.55,0.52,0.19,102,1
50,2070649.76,45,126.04,0.9,0.3,70,0
57,1212947.97,21,4042.02,0.2,0.09,118,1
27,1662407.58,92,3886.77,0.02,0.14,99,1
60,1387046.25,25,2787.25,0.86,0.1,106,2
61,1869235.38,55,425.67,0.58,0.42,65,0
46,341830.46,63,3855.92,0.89,0.8,60,2
30,291827.4,43,2960.2,0.6,0.14,46,1
29,730692.6,59,3931.6,0.81,0.13,36,1
48,524930.0,45,3783.56,0.43,0.64,58,1
63,2198691.38,43,4034.71,0.75,0.2,76,2
19,665152.87,17,2638.24,0.91,0.1,38,0
68,2443283.35,68,787.59,0.57,0.17,11,3
67,941705.11,15,3388.67,0.18,0.92,12,3
52,577977.1,23,3140.32,0.27,0.82,42,3
40,2005791.49,15,3737.04,0.2,0.35,114,1
34,1697963.27,81,932.42,0.25,0.66,39,0
43,1320759.93,50,1055.38,0.31,0.54,71,0
25,1455104.34,49,4463.01,0.56,0.68,11,1
46,1840124.18,5,3774.89,0.59,0.68,36,0
43,686868.64,44,4550.32,0.43,0.63,52,1
27,2491384.7,23,3817.71,0.62,0.27,31,0
43,2440763.93,80,3026.06,0.08,0.04,33,3
51,1678265.36,76,3305.25,0.09,0.46,13,3
68,618924.76,76,4456.73,0.17,0.89,18,3
58,1748536.37,65,2936.15,0.52,0.57,41,3
24,319666.26,16,3198.72,0.21,0.83,58,1
21,222033.38,65,866.74,0.28,0.99,56,1
75,755554.79,37,2422.21,0.4,0.16,24,3
70,1237163.95,49,3610.35,0.81,0.69,73,2
67,2190440.39,94,1427.62,0.01,0.67,31,3
62,1858847.31,96,1091.05,0.65,0.98,55,3
28,1895360.32,73,1637.75,0.67,0.99,105,0
46,1149909.34,12,1283.35,0.8,0.69,10,0
73,962947.23,29,1153.07,0.93,0.24,60,2
53,1021941.09,95,2181.77,0.02,0.8,2,3
42,2470976.47,50,4548.41,0.15,0.11,102,1
38,244256.6,91,2584.59,0.89,0.78,15,2
74,2187524.02,34,1020.81,0.46,0.91,3,3
53,1509887.21,51,477.16,0.56,0.38,43,0
27,1180746.24,91,3511.17,0.66,0.63,31,1
54,1854355.5,53,1975.71,0.68,0.43,70,2
26,1293672.01,51,4126.97,0.93,0.44,67,2
41,2202544.61,88,3331.6,1.0,0.31,56,2
52,2266649.38,86,4001.58,0.72,0.76,63,2
66,1141044.18,22,1432.54,0.29,0.94,75,3
52,800545.32,70,3492.56,0.88,0.94,15,2
65,1542023.27,72,1393.9,0.05,0.17,109,3
53,2294053.86,98,4701.44,0.23,0.87,116,1
35,645056.14,37,3218.23,0.9,0.74,92,2
66,1613971.47,40,1690.11,0.26,0.25,10,3
56,1634166.52,86,1420.61,0.22,0.07,38,3
49,1872815.6,23,1035.54,0.14,0.27,47,3
41,459184.06,32,3503.74,0.86,0.91,57,2
40,1832188.67,44,1171.71,0.5,0.63,50,0
49,2286226.42,88,3016.99,0.67,0.72,114,2
54,572255.31,80,1396.71,0.24,0.26,71,3
29,708226.81,19,3343.65,0.76,0.72,15,0
66,2432778.47,45,4093.2,0.76,0.03,18,2
72,575295.84,43,3912.32,0.31,0.38,82,3
30,2157804.97,6,3828.17,0.41,0.63,116,1
40,1306852.96,67,1019.84,0.21,0.15,105,1
42,730993.02,33,533.09,0.98,0.82,88,0
52,2196262.27,78,3524.85,0.65,0.24,2,3
58,1196467.35,70,1904.9,0.93,0.65,104,2
47,1359820.78,55,2218.5,0.3,0.41,84,1
34,994198.42,79,252.63,0.78,0.6,98,0
66,1543434.5,81,1371.92,0.77,0.11,43,2
37,534281.1,14,265.01,0.69,0.02,26,0
65,1069041.61,18,4408.01,0.97,0.91,71,2
42,2428118.96,86,1292.64,0.39,0.27,38,0
39,756613.57,55,2830.95,0.13,0.82,94,1
30,1693331.16,77,291.0,0.67,1.0,42,0
36,914196.65,43,3367.55,0.73,0.21,5,0
66,1967661.85,32,1682.83,0.58,0.27,11,3
53,457553.1,7,4499.8,0.21,0.66,65,3
29,2429079.46,88,4451.78,0.5,0.97,34,1
58,1216405.42,74,1693.92,0.31,0.92,120,3
36,704718.59,31,4514.71,0.43,0.5,1,1
29,322717.36,6,4981.17,0.65,0.8,83,1
26,548931.08,97,4144.54,0.75,0.14,2,1
24,1371468.78,42,4239.87,0.23,0.98,85,1
45,941957.46,7,1320.14,0.41,0.96,20,0
31,2097875.91,20,2925.84,0.27,0.16,61,0
48,1162585.68,98,429.55,0.2,0.3,87,1
69,734478.54,44,565.1,0.78,0.1,21,2
36,1600290.72,6,4994.57,0.91,0.27,88,2
75,1810926.46,85,1700.53,0.37,0.82,68,3
64,542548.48,45,3766.1,0.75,0.38,12,2
33,543905.16,16,4052.66,0.9,0.09,22,2
70,236177.85,39,4304.31,0.85,0.34,20,2
22,1880544.74,69,4988.38,0.18,0.98,82,1
52,1709940.64,59,1283.33,0.96,0.63,1,0
29,1265382.56,49,297.72,0.38,0.42,30,0
42,2133800.56,83,2114.84,0.34,0.17,97,1
69,2043324.86,94,737.4,0.06,0.99,24,3
38,1525582.76,89,209.89,0.49,0.82,14,0
53,2190437.51,66,1866.09,0.11,0.28,36,3
70,633726.84,53,3940.32,0.25,0.07,69,3
40,413011.11,99,2874.29,0.32,0.06,75,1
33,783911.59,29,1632.61,0.81,0.12,24,0
74,284154.11,27,3306.28,0.88,0.58,60,2
56,1398248.39,28,1236.89,0.3,0.93,95,3
62,2351023.38,42,170.47,0.86,0.5,55,0
70,242457.32,32,3845.33,0.86,0.84,77,2
59,436958.3,25,3156.34,0.76,0.45,80,2
75,1212667.72,58,3835.28,0.15,0.71,24,3
56,2344606.29,22,290.8,0.69,0.73,77,0
31,892966.85,40,4201.89,0.95,0.17,24,2
48,1342001.8,49,3135.68,0.68,0.36,54,2
75,247696.22,77,2860.64,0.33,0.64,26,3
22,498606.52,57,3160.61,0.5,0.07,66,1
52,2468580.79,34,4335.72,0.65,0.36,80,2
40,2418028.94,64,2975.99,0.51,0.53,38,0
46,161608.96,36,2946.66,0.12,1.0,110,1
60,2386757.7,71,4954.33,0.31,0.47,65,3
28,1651931.85,71,3807.98,0.8,0.82,113,1
35,2189607.99,32,2267.24,0.86,0.43,75,0
64,1218638.66,48,3566.25,0.14,0.8,51,3
29,1361650.67,83,2007.23,0.95,0.6,35,0
26,1298789.46,45,1221.49,0.33,0.89,43,0
27,1717131.01,67,3024.57,0.66,0.41,29,0
75,478180.45,27,4648.09,0.75,0.6,37,2
61,220437.94,79,4652.78,0.81,0.63,81,2
34,873635.36,52,1775.34,0.95,0.42,58,0
55,1805999.79,36,2685.62,0.31,0.14,54,3
24,624355.61,61,1137.02,0.86,0.09,39,0
63,1732566.22,37,4978.59,0.13,0.02,42,3
30,2429293.31,28,4907.48,0.71,0.87,28,0
57,370666.68,43,3282.59,0.74,0.24,29,2
59,1730614.98,38,4041.63,0.68,0.21,43,2
26,1192813.02,60,3603.99,0.25,0.74,3,1
67,2190134.3,32,3006.48,0.87,0.32,116,2
44,566302.01,41,361.41,0.17,0.51,10,3
75,1777670.99,11,2328.35,0.05,0.16,59,3
19,2119570.93,72,3406.45,0.72,0.96,106,1
22,2369843.42,41,3419.9,0.48,0.85,14,0
46,1755632.87,60,1928.3,0.85,0.86,76,2
54,1318360.7,69,4714.29,0.38,0.41,47,1
55,1601941.01,69,920.05,0.17,0.76,42,3
36,2191926.71,51,2551.76,0.84,0.14,94,2
25,1490932.9,24,3485.33,0.55,0.01,32,0
65,221409.59,23,3515.97,0.19,0.02,32,3
62,2337729.43,33,3278.33,0.72,0.59,42,2
18,1770387.86,78,1448.91,0.51,0.46,32,0
39,1739806.46,64,865.41,0.6,0.52,26,0
69,656836.61,22,3216.11,0.46,0.01,115,2
34,1698380.86,96,3036.58,0.83,0.42,1,0
24,1075581.35,39,978.84,0.83,0.72,56,0
42,1680397.5,47,3555.18,0.71,0.44,106,2
62,400493.62,99,2330.34,0.11,0.73,2,3
21,1695936.47,95,3372.03,0.84,0.23,81,1
53,2498622.26,15,4203.1,0.67,0.81,30,2
23,263298.29,53,931.67,0.7,0.59,120,1
48,2446359.33,42,193.81,0.36,0.21,103,0
36,1106233.71,68,3917.6,0.88,0.24,71,2
61,2196270.61,73,3087.52,0.73,0.63,52,2
71,1988605.89,12,3528.23,0.11,0.83,91,3
56,1482488.21,38,4206.96,0.41,0.42,9,3
44,1885355.64,52,4033.77,0.89,0.26,22,2
27,2214511.57,60,4808.51,0.05,0.87,34,1
43,1099729.76,80,2726.08,0.96,0.67,110,2
36,918527.93,69,2493.63,0.68,0.45,49,1
56,1718844.46,35,2069.25,0.63,0.49,1,0
20,2048437.96,8,853.09,0.27,0.2,73,0
62,1941370.07,54,2905.78,0.25,0.63,84,3
30,2024862.07,73,1457.36,0.94,0.36,53,0
67,1173620.79,34,4614.41,0.3,1.0,83,3
45,2071910.41,92,2957.63,0.78,0.48,100,2
75,432491.28,63,3004.92,0.39,0.49,40,3
37,1429549.38,71,1839.13,0.14,0.57,45,1
45,163532.85,79,354.75,0.01,0.92,68,3
25,912776.7,49,255.54,0.54,0.8,9,0
58,1011184.61,8,2174.34,0.98,0.45,105,2
56,1081005.83,30,514.37,0.37,0.72,22,3
18,1784347.94,31,3073.55,0.36,0.59,18,0
20,1063111.54,50,4416.77,0.34,0.49,76,1
30,1204430.01,68,4426.28,0.52,0.19,106,1
45,708228.71,95,3329.32,0.44,0.46,43,1
74,1027141.71,55,1135.04,0.88,0.25,39,2
66,684083.62,54,4328.68,0.51,0.91,73,2
42,322010.42,10,4441.86,0.51,0.34,6,2
73,1568104.19,63,1063.6,0.14,0.95,83,3
50,1720300.08,19,3713.39,0.98,0.53,48,2
55,1605802.31,34,1503.95,0.25,0.63,111,3
70,1239211.0,46,4032.94,0.07,0.54,7,3
23,1042496.58,41,4986.47,0.66,0.13,80,1
75,2178834.08,46,247.13,0.6,0.38,69,3
61,1369842.2,39,4497.09,0.42,0.1,16,3
62,1276077.41,91,3150.89,0.42,0.62,1,3
49,210258.85,10,4869.57,0.79,0.45,115,2
62,951932.39,72,2378.55,0.2,0.78,37,3
64,1043459.7,22,4252.2,0.82,0.22,103,2
38,1087233.54,77,405.73,0.65,0.16,83,0
33,1513405.07,33,1742.87,0.42,0.41,118,1
71,1403965.98,81,428.38,0.46,0.93,37,3
38,1578576.97,63,4879.18,0.26,0.71,81,1
28,1947475.66,51,4103.17,0.75,0.42,64,1
54,2060516.49,21,4277.48,0.51,0.52,90,2
53,1837589.23,100,4696.03,0.32,0.08,86,1
52,2395480.69,26,517.01,0.6,0.98,62,0
36,192846.57,72,1989.43,1.0,0.67,72,2
37,610078.27,73,448.07,0.44,0.29,61,0
74,167772.76,41,1132.89,0.92,0.59,33,2
35,1671565.58,53,1223.89,0.35,0.11,66,0
64,2260371.79,17,2398.63,0.05,0.97,30,3
58,722183.4,38,1415.95,0.2,0.17,111,3
66,2328531.18,90,594.79,0.42,0.65,20,3
31,291628.37,57,920.71,0.22,0.25,60,1
32,2345924.66,91,821.65,0.0,0.72,82,1
48,976313.32,55,4868.08,0.92,0.78,107,2
18,388338.95,7,3820.53,0.84,0.67,74,2
70,1291798.63,46,4842.03,0.74,0.61,24,2
71,753424.93,36,2254.73,0.17,0.89,120,3
71,819451.32,55,1464.01,0.12,0.08,4,3
20,872131.42,89,4011.64,0.07,0.33,37,1
33,2037110.86,50,1698.64,0.72,0.25,4,0
40,1417029.0,25,1566.98,0.93,0.99,77,0
74,881573.09,48,1239.28,0.43,0.39,89,3
28,1584284.39,15,735.43,0.12,0.73,77,0
29,1832954.08,72,1356.67,0.51,0.68,18,0
27,790666.4,5,1841.07,0.35,0.21,88,0
49,1121840.39,96,3402.57,0.37,0.24,66,1
33,436432.32,67,406.57,0.62,0.28,48,0
25,575700.97,28,1131.48,0.72,0.41,33,0
55,1750626.96,17,4064.22,0.11,0.23,58,3
29,576380.12,15,819.92,0.04,0.02,83,1
41,1384133.95,55,1778.96,0.99,0.88,73,0
45,1816258.72,21,4336.83,0.23,0.97,28,3
70,401160.77,86,859.13,0.05,0.34,35,3
25,1483183.72,90,505.41,0.19,0.34,103,1
75,752922.54,28,2474.24,0.04,0.01,10,3
45,2412878.16,23,1581.86,0.39,0.68,65,0
53,1286332.27,41,2860.7,0.8,0.83,42,2
43,2044082.49,89,4038.64,0.34,0.15,85,1
25,1443032.37,12,772.03,0.44,0.16,9,0
75,252019.45,32,2945.43,0.68,0.79,60,2
67,1637905.73,9,2576.99,0.51,0.62,111,2
45,2385797.85,21,805.99,0.86,0.04,15,0
45,1563787.78,40,3157.59,0.87,0.62,99,2
54,2075093.82,23,1440.84,0.01,0.31,57,3
58,2227885.19,68,2490.39,0.78,0.37,69,2
53,685987.46,95,503.13,0.46,0.77,105,1
44,648305.37,15,2351.96,0.99,0.81,22,0
71,1585805.32,58,1601.67,0.48,0.4,64,3
34,1115916.9,49,4129.67,0.99,0.95,41,2
26,2123674.06,51,379.2,0.75,0.41,87,0
50,2265054.34,16,2151.18,0.25,0.77,71,3
70,980540.24,25,2346.31,0.54,0.48,56,2
37,706645.81,15,3652.53,0.99,0.9,23,2
30,1984234.96,96,2914.01,0.86,0.91,108,1
45,795794.18,9,3369.34,0.1,0.09,25,3
65,2083143.65,85,3907.54,0.71,0.94,91,2
46,1145784.9,60,4324.79,0.35,0.83,105,1
30,1718742.26,24,1637.99,0.01,0.79,6,0
63,374507.99,45,2736.31,0.4,0.2,119,2
52,1616069.41,50,4216.53,0.23,0.81,34,3
23,1211654.05,16,4948.31,0.82,0.85,63,2
35,1528529.89,74,4458.64,0.34,0.29,9,1
68,544833.39,21,1920.19,0.83,0.95,60,2
22,1881653.3,23,1056.32,0.0,0.05,49,0
64,2177573.13,30,2498.02,0.31,0.15,97,3
42,659338.53,52,3734.04,0.24,0.54,51,1
19,374929.21,56,2513.59,0.23,0.58,60,1
27,205550.68,100,2467.59,0.07,0.65,70,1
73,1658633.03,74,4207.33,0.19,0.02,37,3
47,1576670.98,59,1870.88,0.56,0.96,31,0
67,1434738.92,79,4312.99,0.29,0.04,98,1
62,695075.68,37,2093.34,0.42,0.14,41,3
22,1068629.09,66,1708.34,0.38,0.01,62,1
72,1547019.39,92,2324.55,0.88,0.57,93,2
73,1317402.12,27,3835.99,0.91,0.93,58,2
50,2471295.97,19,717.41,0.49,0.67,14,0
71,470633.42,31,1062.45,0.33,0.82,36,3
18,1783589.7,79,4762.08,0.11,0.01,36,1
35,1100149.11,68,959.91,0.95,0.54,117,2
49,1156269.1,85,2881.86,0.06,0.46,79,1
64,1836354.75,55,2938.64,0.3,0.5,8,3
66,1777224.96,57,2499.16,0.3,0.07,26,3
28,2479451.59,82,3259.25,0.32,0.68,36,1
38,451726.58,95,1226.15,0.16,0.5,48,1
43,394657.68,86,2808.05,0.78,0.77,85,2
42,1852196.22,96,1923.65,0.12,0.49,28,3
39,1509209.25,55,3342.17,0.63,0.15,68,1
44,794277.57,51,792.0,0.12,0.65,62,3
66,336635.52,8,2897.3,0.07,0.17,80,3
30,351296.89,11,1007.82,0.91,0.87,86,0
50,2251348.56,39,1465.35,0.19,0.61,76,3
51,600888.21,52,1171.68,0.82,0.16,80,2
58,909923.17,77,995.91,0.54,0.96,51,3
52,682642.55,76,4145.98,0.08,0.52,104,1
18,984241.32,49,1499.97,0.96,0.07,102,0
38,313146.03,85,4642.91,0.25,0.63,42,1
65,1369790.51,85,4852.64,0.86,0.25,101,2
72,308889.52,100,2899.18,0.17,0.8,29,3
23,2030837.79,76,800.71,0.85,0.82,82,0
45,699223.39,23,1935.29,0.01,0.98,10,3
34,1419028.0,67,4008.89,0.51,0.5,106,1
22,2218185.86,42,1900.21,0.77,0.45,39,0
48,1679561.82,71,526.38,0.93,0.75,82,0
22,1402450.8,63,2828.25,0.91,0.13,1,0
55,912184.32,73,4241.09,0.82,0.55,39,2
20,932554.5,17,4000.04,0.89,0.55,21,0
70,1723294.34,51,958.1,0.2,0.09,65,3
40,2486227.5,65,3396.55,0.28,0.42,15,3
54,1705322.1,35,1180.47,0.29,0.85,4,3
70,1460791.03,84,1169.22,0.38,0.86,60,3
54,1867028.7,100,4382.95,0.39,0.1,61,1
27,1243233.19,26,1323.38,0.54,0.09,20,0
27,291334.51,97,1389.91,0.16,0.26,10,1
36,1471397.52,90,103.2,0.69,0.87,87,0
34,2400419.42,47,4366.28,0.17,0.13,105,1
38,561961.91,71,3983.71,0.31,0.72,34,1
31,1771511.49,58,3173.91,0.5,0.1,110,1
26,622194.17,14,3776.3,0.8,0.62,48,2
63,1409195.06,46,845.04,0.74,0.36,33,0
18,377189.66,68,2345.79,0.65,0.79,98,1
68,1208371.7,25,1820.97,0.16,0.23,103,3
62,1926983.82,84,559.5,0.55,0.64,61,3
30,966793.08,80,2482.04,0.09,0.24,10,1
21,1712542.55,70,4611.62,0.38,0.71,54,1
18,2019307.41,45,296.29,0.41,0.87,84,0
66,2328867.88,28,1528.16,0.04,0.13,65,3
57,701408.89,39,1116.95,0.27,0.87,77,3
49,1088392.4,60,1266.92,0.96,0.59,1,0
51,508177.63,34,4551.33,0.95,0.13,5,2
45,2482336.23,61,2393.54,0.35,0.43,80,3
48,2328452.27,98,2384.87,0.04,0.16,15,3
25,1418899.26,51,3826.82,0.18,0.7,113,1
56,2128778.24,39,857.01,0.39,0.76,28,3
43,1374251.25,23,2487.6,0.95,0.11,95,2
75,1615426.37,12,2206.93,0.14,0.51,23,3
51,359442.42,30,3024.86,0.76,0.81,112,2
71,1924885.49,75,4997.83,0.11,0.94,109,3
71,450126.69,34,3870.3,0.98,0.51,107,2
20,2091258.93,11,2049.54,0.38,0.95,17,0
67,1987766.01,71,4155.01,0.78,0.54,113,2
29,1815550.04,69,936.47,0.34,0.39,98,1
18,234976.89,40,249.27,0.63,0.85,13,0
71,862351.64,29,1101.8,0.19,0.49,14,3
61,768314.54,41,1768.02,0.15,0.47,11,3
22,996320.56,5,2601.85,0.94,0.49,28,0
47,355960.45,19,3114.13,0.92,0.85,42,2
47,2351850.88,41,4561.97,0.89,0.83,96,2
74,1451435.27,17,2598.28,0.63,0.4,99,2
34,867982.13,12,2556.25,0.81,0.33,61,0
65,1082906.57,9,346.19,0.07,0.49,64,3
64,1200925.97,64,271.07,0.33,0.57,31,3
40,1561396.68,77,2800.68,0.31,0.24,81,1
32,1361846.66,5,2247.08,0.64,0.79,111,0
54,2310571.14,40,4211.98,0.36,0.49,73,3
38,1317864.18,39,887.33,0.15,0.33,10,0
31,2481571.33,70,222.36,0.6,0.11,8,0
19,2150848.65,67,2300.29,0.81,0.24,21,0
28,639999.71,27,1263.64,0.38,0.95,77,0
68,2336898.75,13,343.11,0.13,0.31,59,3
56,423461.04,38,3650.53,0.2,0.17,50,3
55,2071006.81,50,646.81,0.24,0.46,69,3
51,1044464.74,82,3080.77,0.3,0.31,70,1
55,2213239.65,8,1477.14,0.64,0.04,30,0
67,2189933.22,34,950.13,0.6,0.32,95,2
51,2043924.69,99,1960.78,0.7,0.54,17,0
35,2006571.53,79,4027.08,0.36,0.55,75,1
47,865995.98,76,2021.26,0.82,0.36,20,0
32,340160.32,7,3778.77,0.2,0.45,48,1
44,1097003.42,18,714.88,0.47,0.97,73,0
68,557782.61,64,3886.58,0.8,0.38,2,2
51,1783135.06,81,1260.97,0.18,0.26,37,3
69,963334.36,49,3419.23,0.11,0.24,1,3
74,2442683.97,100,2872.33,0.88,0.46,4,2
55,1656284.38,38,4652.81,0.34,0.76,100,1
50,2082829.32,49,1997.88,0.68,0.21,54,0
41,461432.98,65,424.21,0.03,0.71,25,3
32,2175734.03,87,193.86,0.69,0.02,3,0
47,2318479.4,20,4151.61,0.32,0.42,9,3
72,1294595.51,70,2671.2,0.06,0.78,86,3
59,1574694.4,44,3898.7,0.61,0.34,87,2
68,1947303.03,21,1248.69,0.24,0.56,76,3
34,560870.77,38,1790.91,0.39,0.2,74,1
22,1331030.28,20,247.51,0.08,0.74,34,0
46,1086858.12,64,4811.31,0.15,0.05,43,1
21,493978.88,70,3372.55,0.3,0.85,74,1
27,1013705.89,70,4672.7,0.09,0.2,94,1
73,310204.93,94,1400.93,0.91,0.87,22,2
34,210657.98,17,3096.17,0.01,0.35,70,1
27,467640.78,60,3424.65,0.48,0.72,114,1
34,2413320.51,35,1655.99,0.12,0.32,2,0
37,1441394.41,38,4255.74,0.31,0.91,94,1
41,2419682.08,43,4741.09,0.93,0.13,66,2
22,1166370.01,71,4435.79,0.16,0.18,32,1
51,882767.91,12,3721.43,0.97,0.49,106,2
23,1339433.38,91,1459.58,0.21,0.08,16,1
70,1182852.47,82,1479.92,0.74,0.2,76,2
19,398312.01,59,4820.47,0.55,0.94,1,1
30,1655941.84,31,150.39,0.88,0.98,117,0
60,657689.73,97,3608.64,0.55,0.38,72,2
60,1606031.69,57,3560.61,0.53,0.92,48,3
65,1677972.57,43,3151.18,0.2,0.54,50,3
28,507258.4,69,4951.53,0.17,0.27,13,1
68,294171.62,21,1628.21,0.92,0.7,15,2
64,1984789.73,34,1765.86,0.33,0.66,53,3
74,1230531.0,57,486.8,0.37,0.99,44,3
40,286684.92,17,2269.71,0.76,0.27,8,0
72,2487935.85,25,1379.14,0.34,0.67,74,3
33,285784.32,23,1782.59,0.95,0.05,46,0
48,1783332.79,57,4189.4,0.74,0.11,69,2
28,2461645.47,23,4683.87,0.6,0.0,114,1
71,712073.24,61,1010.09,0.88,1.0,19,2
33,484286.02,29,1925.29,0.05,0.8,111,1
25,435254.61,90,4650.29,0.26,0.79,38,1
21,862696.6,35,402.86,0.47,0.51,11,0
57,387457.66,85,552.57,0.23,0.3,117,1
21,1776579.15,59,897.68,0.74,0.15,43,0
73,296385.73,27,3016.54,0.92,0.28,20,2
42,1347142.0,36,837.31,0.42,0.38,20,0
20,2492237.61,66,4843.57,0.34,0.76,21,1
49,2062830.13,78,2288.9,0.96,0.54,82,2
20,1595765.68,14,2557.44,0.44,0.08,57,0
44,869696.01,76,1308.63,0.49,0.02,50,1
46,1616155.22,58,2407.71,0.35,0.1,74,1
49,1388547.44,56,3343.38,0.91,0.41,98,2
67,1151295.95,24,3780.77,0.57,0.93,26,3
75,457169.39,36,3793.95,0.76,0.64,30,2
68,2233519.91,18,2931.67,0.81,0.8,73,2
36,1206993.92,54,4531.36,0.34,0.47,110,1
38,607362.9,32,4105.3,0.43,0.36,115,1
22,1014234.47,57,3809.54,0.85,0.11,31,1
35,1123204.92,28,372.47,0.36,0.88,42,0
45,2094714.05,83,133.7,0.79,0.78,119,0
59,1873993.79,26,1140.99,0.94,0.17,68,2
39,1957866.5,34,3351.27,0.62,0.51,61,0
38,175923.47,67,2114.87,0.74,0.49,61,2
23,1127961.9,8,2071.79,0.81,0.63,70,0
18,1281158.76,81,4434.48,0.85,0.95,78,1
22,195101.85,63,4488.26,0.4,0.58,68,1
58,760561.04,91,4554.96,0.05,0.54,90,1
29,1936681.08,12,1638.0,0.4,0.05,111,0
43,472207.81,86,3486.17,0.67,0.06,112,1
63,1407978.81,16,1431.0,0.45,0.19,103,2
51,655724.4,35,1033.99,0.75,0.03,17,0
66,178483.82,82,1004.7,0.36,0.74,19,3
31,716823.43,38,1776.33,0.63,0.72,51,0
43,2443303.32,86,2206.79,0.19,0.14,113,1
62,2033612.21,79,4171.65,0.75,0.84,70,2
44,2405005.11,80,687.47,0.55,0.15,63,0
26,1296457.0,53,3701.14,0.2,0.3,93,1
43,407880.07,83,2704.13,0.29,0.25,75,1
74,1437704.8,61,1510.93,0.75,0.37,80,2
64,1217786.74,99,2514.82,0.48,0.25,30,3
74,2134239.14,97,1569.72,0.22,0.49,25,3
39,380494.06,30,3020.8,0.97,0.41,104,2
64,1297366.67,22,2225.84,0.72,0.99,75,2
73,502614.36,100,905.59,0.96,0.06,71,2
47,912988.43,90,671.26,0.43,0.14,26,0
60,1882789.13,42,2778.81,0.48,0.05,56,3
65,1268642.6,85,4521.82,0.9,0.63,22,2
34,1033337.47,91,1785.39,0.53,0.05,89,1
43,1077019.25,92,3691.7,0.71,0.84,19,1
53,1229699.91,54,3327.44,0.25,0.51,31,3
18,1994788.88,12,4664.62,0.45,0.53,26,0
25,2246399.02,45,4122.81,0.12,0.56,42,1
66,2395036.51,10,2876.37,0.21,0.17,41,3
52,1999222.96,73,3319.45,0.0,0.2,100,1
69,891206.21,48,4502.09,0.04,0.32,23,3
32,1767116.56,68,2057.64,0.98,0.59,47,0
64,1178367.34,33,1701.29,0.24,0.21,13,3
73,748475.96,32,152.97,0.66,0.12,89,2
39,2126048.21,15,4150.1,0.84,0.97,66,2
31,240301.92,69,4024.81,0.55,0.02,66,1
43,2269140.68,23,611.83,0.15,0.8,16,0
45,1234472.04,13,2926.6,0.73,0.79,73,2
40,1647423.47,31,2373.51,0.6,0.3,28,0
31,1699481.72,38,681.67,0.73,0.14,77,0
41,2253526.69,48,4904.78,0.77,0.15,35,2
19,1646173.75,72,1152.01,0.98,0.7,41,0
62,1592743.92,86,429.45,0.57,0.64,77,3
43,306632.3,19,3014.75,0.34,0.78,31,3
31,1368258.85,55,3720.45,0.65,0.94,85,1
73,502897.15,17,258.97,0.07,0.69,32,3
68,1882969.36,87,3327.72,0.9,0.16,54,2
24,1353721.51,53,2708.23,0.12,0.24,98,1
20,1748535.28,74,606.0,0.33,0.84,72,0
64,247931.32,60,945.37,0.82,0.21,59,2
40,349261.24,80,2883.07,0.6,0.07,41,1
63,1833359.96,55,1552.15,0.39,0.7,112,3
60,319398.19,41,4697.75,0.47,0.4,66,2
64,317453.31,21,4111.83,0.85,0.92,102,2
62,178454.92,62,4919.48,0.34,0.65,96,1
35,2397778.29,91,1372.39,0.87,0.09,54,0
75,1883144.64,94,4851.65,0.09,0.95,40,3
55,980140.81,33,2213.05,0.78,0.26,28,2
52,846858.62,37,1802.84,0.85,0.34,37,2
68,971802.59,64,346.71,0.18,0.4,105,3
32,1970435.8,95,358.55,0.43,0.05,65,0
42,1704220.94,93,3490.86,0.17,0.5,105,1
72,585209.58,59,2343.85,0.71,0.12,74,2
54,559156.94,14,1209.96,0.54,0.4,55,0
45,381229.78,51,3108.45,0.64,0.35,4,2
27,1701711.39,27,1339.0,0.2,0.77,99,0
56,1946275.76,89,2930.4,0.21,0.8,10,3
74,772859.11,25,1860.12,0.04,0.15,47,3
34,199220.66,17,4135.41,0.32,0.37,75,1
56,343103.42,37,4121.41,0.56,0.37,14,2
39,2424471.08,28,2439.02,0.86,0.15,38,0
43,844295.23,15,1819.01,0.67,0.8,12,0
61,1957674.4,21,1876.54,0.44,0.71,45,3
42,1617959.39,72,4048.0,0.95,0.19,17,2
34,1047558.15,51,1708.08,0.72,0.37,80,0
30,633365.07,29,1124.39,0.93,0.11,35,0
37,435258.08,98,514.97,0.53,0.63,66,1
42,1595280.47,77,2386.8,0.26,0.12,75,1
21,1970389.38,25,2462.45,0.05,0.99,41,0
27,1663175.0,88,4220.45,0.73,0.78,67,1
20,1396210.01,87,1184.07,0.12,0.39,29,1
58,248585.38,87,1966.86,0.3,0.58,18,3
62,2425948.63,16,4061.19,0.53,0.91,20,3
35,2026978.35,41,4135.76,0.56,0.55,111,1
64,838131.79,46,1984.59,0.6,0.17,14,3
53,2452930.27,21,2349.71,0.17,0.38,34,3
64,1564421.74,52,1586.1,0.38,0.84,49,3
39,1518693.25,32,4669.52,0.62,0.64,54,2
51,1907971.97,45,681.35,0.97,0.65,31,0
64,2057659.0,51,4675.37,0.73,0.87,58,2
25,1692724.73,22,3450.95,0.92,0.89,104,2
57,451025.0,82,2704.7,0.76,0.92,42,2
66,944928.64,75,260.03,0.59,0.09,58,3
61,2330996.55,17,2430.42,0.19,0.54,82,3
36,677846.69,86,2097.97,0.67,0.74,30,0
59,1024592.51,17,889.97,0.62,0.76,25,0
58,1165380.67,35,3316.41,0.6,0.61,63,2
54,1182601.73,6,4858.64,0.49,0.17,19,2
23,1590408.02,20,2854.73,0.53,0.8,72,0
69,2366228.22,13,3602.29,0.33,0.72,92,3
43,715627.87,77,435.41,0.52,0.09,8,0
51,435528.23,42,2146.57,0.2,0.46,95,1
73,614055.65,79,670.16,0.81,0.17,3,2
62,2234273.52,58,3102.7,0.19,0.34,67,3
23,1667655.41,60,4698.56,0.08,0.02,108,1
54,821880.95,90,3342.71,0.44,0.4,86,1
74,2067475.31,91,476.33,0.66,0.55,81,3
50,2174219.49,49,1837.86,0.44,0.62,100,3
70,2139308.7,38,2798.25,0.28,0.66,17,3
39,2309477.35,13,2075.72,0.56,0.84,14,0
38,742766.4,92,4184.86,0.35,0.22,115,1
23,1924348.53,12,4091.89,0.93,0.12,9,0
23,1232267.82,11,3097.97,0.92,0.85,62,0
72,2128696.6,40,1929.94,0.5,0.16,94,3
65,1861953.09,22,1351.15,0.33,0.97,21,3
21,1974651.5,7,618.78,0.74,0.84,76,0
47,1691980.32,32,1839.0,0.04,0.5,37,3
28,566957.61,74,2124.55,0.47,0.98,96,1
47,1430813.26,48,3411.53,0.34,0.1,11,3
48,2463973.89,25,3324.98,0.92,0.3,20,0
41,2352861.96,32,443.53,0.01,0.64,35,3
72,251458.28,58,2036.77,0.55,0.35,53,2
26,537314.82,58,990.72,0.74,0.93,47,0
72,459562.62,69,868.38,0.49,0.07,110,2
20,1856052.79,25,4153.78,0.09,0.55,75,1
68,2071795.53,17,305.38,0.97,0.59,52,0
48,651751.71,61,2154.0,0.52,0.65,8,0
57,1338753.83,53,924.2,0.61,0.26,4,0
54,2125652.12,58,4408.72,0.24,0.36,27,3
53,1872083.63,14,2829.5,0.48,0.84,44,3
41,1424257.43,57,1233.77,0.43,0.19,40,0
